{
  "train": {
    "num_epochs": 100,
    "best_epoch": 98,
    "best_epoch_loss": 0.003134560026228428,
    "best_epoch_euc_dist_mm": 0.702088917295138,
    "best_epoch_precision": 1.0,
    "best_epoch_recall": 0.9742173112338858,
    "best_epoch_f1": 0.9869402985074627,
    "final_loss": 0.003188995119805137,
    "final_euc_dist_mm": 0.6445483704408009,
    "final_precision": 1.0,
    "final_recall": 0.9719101123595506,
    "final_f1": 0.9857549857549858
  },
  "valid": {
    "num_epochs": 100,
    "best_epoch": 39,
    "best_epoch_loss": 0.02455221053212881,
    "best_epoch_euc_dist_mm": 2.6519603085517884,
    "best_epoch_precision": 0.939249553305539,
    "best_epoch_recall": 0.846030042918455,
    "best_epoch_f1": 0.8902060400790291,
    "final_loss": 0.02622165061533451,
    "final_euc_dist_mm": 3.3829528284072876,
    "final_precision": 0.9514248704663213,
    "final_recall": 0.7880901287553648,
    "final_f1": 0.8620892018779343
  },
  "test": {
    "loss_mean": 0.02984225453925319,
    "loss_std": 0.013581569665557767,
    "euc_dist_mm_mean": 2.4309565446153285,
    "euc_dist_mm_std": 0.8394623476546258,
    "euc_dist_px_mean": 9.201419873386621,
    "peraxis_mm_x_mean": 2.220880154594779,
    "peraxis_mm_y_mean": 0.7642330273985862,
    "perc_err_mean": 5.083114366419018,
    "overall_precision": 0.919233401779603,
    "overall_recall": 0.839375,
    "overall_f1": 0.8774910160078405,
    "overall_count_err_mean": 0.34375,
    "overall_count_exact_acc": 0.67125,
    "pleural_precision": 0.919233401779603,
    "pleural_recall": 0.839375,
    "pleural_f1": 0.8774910160078405,
    "pleural_count_err": 0.34375
  }
}